LOC_BLANK,BRANCH_COUNT,CALL_PAIRS,LOC_CODE_AND_COMMENT,LOC_COMMENTS,CONDITION_COUNT,CYCLOMATIC_COMPLEXITY,CYCLOMATIC_DENSITY,DECISION_COUNT,DECISION_DENSITY,DESIGN_COMPLEXITY,DESIGN_DENSITY,EDGE_COUNT,ESSENTIAL_COMPLEXITY,ESSENTIAL_DENSITY,LOC_EXECUTABLE,PARAMETER_COUNT,GLOBAL_DATA_COMPLEXITY,GLOBAL_DATA_DENSITY,HALSTEAD_CONTENT,HALSTEAD_DIFFICULTY,HALSTEAD_EFFORT,HALSTEAD_ERROR_EST,HALSTEAD_LENGTH,HALSTEAD_LEVEL,HALSTEAD_PROG_TIME,HALSTEAD_VOLUME,MAINTENANCE_SEVERITY,MODIFIED_CONDITION_COUNT,MULTIPLE_CONDITION_COUNT,NODE_COUNT,NORMALIZED_CYLOMATIC_COMPLEXITY,NUM_OPERANDS,NUM_OPERATORS,NUM_UNIQUE_OPERANDS,NUM_UNIQUE_OPERATORS,NUMBER_OF_LINES,PERCENT_COMMENTS,LOC_TOTAL,bug
2.0,3.0,0.0,2.0,7.0,4.0,2.0,0.18,2.0,2.0,1.0,0.5,6.0,1.0,0.0,9.0,0.0,2.0,1.0,13.5,7.33,725.94,0.03,26.0,0.14,40.33,98.99,0.5,1.0,2.0,6.0,0.09,11.0,15.0,6.0,8.0,22.0,50.0,11.0,0
1.0,3.0,1.0,1.0,0.0,4.0,2.0,0.13,2.0,2.0,1.0,0.5,7.0,1.0,0.0,14.0,0.0,2.0,1.0,17.24,7.5,969.51,0.04,31.0,0.13,53.86,129.27,0.5,1.0,2.0,7.0,0.11,12.0,19.0,8.0,10.0,18.0,6.67,15.0,0
6.0,5.0,1.0,4.0,5.0,8.0,3.0,0.2,4.0,2.0,2.0,0.67,11.0,1.0,0.0,11.0,2.0,3.0,1.0,24.87,11.46,3265.45,0.09,63.0,0.09,181.41,284.98,0.33,2.0,4.0,10.0,0.1,25.0,38.0,12.0,11.0,29.0,45.0,15.0,0
6.0,5.0,1.0,4.0,3.0,8.0,3.0,0.2,4.0,2.0,1.0,0.33,11.0,1.0,0.0,11.0,1.0,3.0,1.0,19.66,14.3,4019.85,0.09,64.0,0.07,223.32,281.11,0.33,2.0,4.0,10.0,0.12,26.0,38.0,10.0,11.0,26.0,38.89,15.0,0
2.0,3.0,0.0,0.0,1.0,4.0,2.0,0.29,2.0,2.0,1.0,0.5,6.0,1.0,0.0,7.0,0.0,2.0,1.0,12.09,6.3,479.73,0.03,20.0,0.16,26.65,76.15,0.5,1.0,2.0,6.0,0.17,7.0,13.0,5.0,9.0,12.0,12.5,7.0,0
18.0,46.0,2.0,6.0,24.0,64.0,26.0,0.22,26.0,2.46,15.0,0.58,79.0,23.0,0.88,114.0,0.0,24.0,0.92,43.0,57.74,143350.9,0.83,395.0,0.02,7963.94,2482.73,0.88,19.0,33.0,55.0,0.16,166.0,229.0,46.0,32.0,164.0,20.83,120.0,1
0.0,3.0,0.0,0.0,0.0,4.0,2.0,0.4,2.0,2.0,1.0,0.5,6.0,1.0,0.0,5.0,0.0,2.0,1.0,13.95,2.5,87.17,0.01,11.0,0.4,4.84,34.87,0.5,1.0,2.0,6.0,0.29,4.0,7.0,4.0,5.0,7.0,0.0,5.0,0
0.0,3.0,0.0,0.0,1.0,4.0,2.0,0.18,2.0,2.0,1.0,0.5,6.0,1.0,0.0,11.0,1.0,2.0,1.0,16.29,7.56,931.62,0.04,29.0,0.13,51.76,123.19,0.5,1.0,2.0,6.0,0.14,11.0,18.0,8.0,11.0,14.0,8.33,11.0,0
4.0,13.0,3.0,0.0,3.0,24.0,7.0,0.2,12.0,2.0,7.0,1.0,33.0,6.0,0.83,35.0,2.0,7.0,1.0,34.45,12.83,5673.31,0.15,91.0,0.08,315.18,442.08,0.86,6.0,12.0,28.0,0.16,42.0,49.0,18.0,11.0,44.0,7.89,35.0,0
0.0,3.0,0.0,0.0,1.0,4.0,2.0,0.18,2.0,2.0,1.0,0.5,6.0,1.0,0.0,11.0,1.0,2.0,1.0,16.94,8.13,1118.06,0.05,33.0,0.12,62.11,137.61,0.5,1.0,2.0,6.0,0.14,13.0,20.0,8.0,10.0,14.0,8.33,11.0,0
1.0,19.0,1.0,0.0,0.0,36.0,10.0,0.23,18.0,2.0,3.0,0.3,40.0,4.0,0.33,43.0,2.0,9.0,0.9,41.82,26.68,29766.87,0.37,202.0,0.04,1653.71,1115.76,0.4,9.0,18.0,32.0,0.22,83.0,119.0,28.0,18.0,46.0,0.0,43.0,0
1.0,7.0,1.0,0.0,0.0,12.0,4.0,0.44,6.0,2.0,2.0,0.5,16.0,1.0,0.0,9.0,1.0,2.0,0.5,9.94,20.43,4149.67,0.07,47.0,0.05,230.54,203.13,0.25,3.0,6.0,14.0,0.33,22.0,25.0,7.0,13.0,12.0,0.0,9.0,0
1.0,19.0,1.0,0.0,0.0,36.0,10.0,0.36,18.0,2.0,4.0,0.4,41.0,1.0,0.0,28.0,2.0,4.0,0.4,14.36,37.09,19752.67,0.18,112.0,0.03,1097.37,532.55,0.1,9.0,18.0,33.0,0.32,51.0,61.0,11.0,16.0,31.0,0.0,28.0,0
2.0,9.0,0.0,0.0,0.0,14.0,5.0,0.31,6.0,2.33,1.0,0.2,15.0,3.0,0.5,16.0,2.0,5.0,1.0,32.0,18.75,11252.36,0.2,117.0,0.05,625.13,600.13,0.6,4.0,7.0,12.0,0.25,50.0,67.0,20.0,15.0,20.0,0.0,16.0,0
1.0,21.0,5.0,0.0,0.0,36.0,11.0,0.39,16.0,2.25,7.0,0.64,40.0,9.0,0.8,28.0,1.0,11.0,1.0,25.13,31.64,25154.15,0.27,155.0,0.03,1397.45,795.04,0.82,10.0,18.0,31.0,0.35,67.0,88.0,18.0,17.0,31.0,0.0,28.0,0
1.0,7.0,1.0,0.0,0.0,10.0,4.0,0.57,4.0,2.5,2.0,0.5,12.0,3.0,0.67,7.0,1.0,3.0,0.75,10.97,13.0,1854.11,0.05,33.0,0.08,103.01,142.62,0.75,3.0,5.0,10.0,0.4,14.0,19.0,7.0,13.0,10.0,0.0,7.0,0
1.0,13.0,0.0,6.0,0.0,24.0,7.0,0.3,12.0,2.0,1.0,0.14,28.0,1.0,0.0,17.0,2.0,4.0,0.57,14.31,38.64,21359.95,0.18,115.0,0.03,1186.66,552.85,0.14,6.0,12.0,23.0,0.27,50.0,65.0,11.0,17.0,26.0,26.09,23.0,0
0.0,3.0,1.0,0.0,0.0,4.0,2.0,0.15,2.0,2.0,2.0,1.0,7.0,1.0,0.0,13.0,3.0,2.0,1.0,12.55,12.86,2075.42,0.05,38.0,0.08,115.3,161.42,0.5,1.0,2.0,7.0,0.13,15.0,23.0,7.0,12.0,16.0,0.0,13.0,0
1.0,21.0,4.0,0.0,0.0,36.0,11.0,0.39,16.0,2.25,7.0,0.64,40.0,9.0,0.8,28.0,1.0,11.0,1.0,22.35,34.53,26650.95,0.26,153.0,0.03,1480.61,771.79,0.82,10.0,18.0,31.0,0.35,65.0,88.0,16.0,17.0,31.0,0.0,28.0,0
13.0,11.0,0.0,0.0,2.0,20.0,6.0,0.35,10.0,2.0,1.0,0.17,22.0,1.0,0.0,17.0,1.0,5.0,0.83,10.59,29.0,8908.58,0.1,67.0,0.03,494.92,307.19,0.17,5.0,10.0,18.0,0.18,29.0,38.0,8.0,16.0,34.0,10.53,17.0,0
6.0,15.0,1.0,0.0,2.0,26.0,8.0,0.26,12.0,2.17,2.0,0.25,32.0,3.0,0.29,31.0,2.0,4.0,0.5,33.62,28.08,26512.3,0.31,174.0,0.04,1472.91,944.17,0.38,7.0,13.0,26.0,0.2,78.0,96.0,25.0,18.0,41.0,6.06,31.0,0
5.0,5.0,0.0,0.0,7.0,8.0,3.0,0.21,4.0,2.0,1.0,0.33,9.0,1.0,0.0,14.0,2.0,1.0,0.33,15.99,6.67,710.71,0.04,28.0,0.15,39.48,106.61,0.33,2.0,4.0,8.0,0.11,10.0,18.0,6.0,8.0,28.0,33.33,14.0,1
5.0,5.0,2.0,0.0,4.0,8.0,3.0,0.43,4.0,2.0,2.0,0.67,13.0,1.0,0.0,7.0,2.0,3.0,1.0,20.57,8.17,1372.0,0.06,42.0,0.12,76.22,168.0,0.33,2.0,4.0,12.0,0.18,21.0,21.0,9.0,7.0,17.0,36.36,7.0,1
4.0,7.0,0.0,0.0,2.0,12.0,4.0,0.33,6.0,2.0,1.0,0.25,14.0,3.0,0.67,12.0,1.0,2.0,0.5,17.23,21.0,7600.61,0.12,77.0,0.05,422.26,361.93,0.75,3.0,6.0,12.0,0.2,36.0,41.0,12.0,14.0,20.0,14.29,12.0,1
9.0,11.0,3.0,0.0,33.0,20.0,6.0,0.26,10.0,2.0,2.0,0.33,28.0,1.0,0.0,23.0,2.0,5.0,0.83,19.5,40.24,31575.87,0.26,153.0,0.02,1754.21,784.78,0.17,5.0,10.0,24.0,0.09,76.0,77.0,17.0,18.0,68.0,58.93,23.0,1
22.0,38.0,9.0,2.0,61.0,66.0,20.0,0.16,32.0,2.06,10.0,0.5,127.0,13.0,0.63,124.0,1.0,11.0,0.55,59.36,88.78,467827.72,1.76,820.0,0.01,25990.43,5269.54,0.65,17.0,33.0,109.0,0.09,388.0,432.0,59.0,27.0,211.0,33.69,126.0,1
17.0,45.0,2.0,5.0,44.0,86.0,23.0,0.37,42.0,2.05,2.0,0.09,97.0,5.0,0.18,57.0,2.0,9.0,0.39,26.44,78.12,161381.25,0.69,374.0,0.01,8965.62,2065.81,0.22,22.0,43.0,76.0,0.18,186.0,188.0,25.0,21.0,125.0,46.23,62.0,1
0.0,3.0,0.0,0.0,0.0,4.0,2.0,0.67,2.0,2.0,1.0,0.5,5.0,1.0,0.0,3.0,2.0,2.0,1.0,6.18,5.0,154.4,0.01,11.0,0.2,8.58,30.88,0.5,1.0,2.0,5.0,0.4,4.0,7.0,2.0,5.0,5.0,0.0,3.0,0
0.0,7.0,0.0,0.0,0.0,10.0,4.0,1.0,4.0,2.5,1.0,0.25,11.0,3.0,0.67,4.0,3.0,4.0,1.0,7.75,9.0,627.65,0.02,22.0,0.11,34.87,69.74,0.75,3.0,5.0,9.0,0.67,9.0,13.0,3.0,6.0,6.0,0.0,4.0,0
0.0,3.0,0.0,0.0,0.0,4.0,2.0,0.67,2.0,2.0,1.0,0.5,5.0,1.0,0.0,3.0,2.0,2.0,1.0,6.18,5.0,154.4,0.01,11.0,0.2,8.58,30.88,0.5,1.0,2.0,5.0,0.4,4.0,7.0,2.0,5.0,5.0,0.0,3.0,0
0.0,7.0,0.0,0.0,0.0,10.0,4.0,1.0,4.0,2.5,1.0,0.25,11.0,3.0,0.67,4.0,3.0,4.0,1.0,7.75,9.0,627.65,0.02,22.0,0.11,34.87,69.74,0.75,3.0,5.0,9.0,0.67,9.0,13.0,3.0,6.0,6.0,0.0,4.0,0
0.0,3.0,0.0,0.0,0.0,4.0,2.0,0.67,2.0,2.0,1.0,0.5,5.0,1.0,0.0,3.0,1.0,2.0,1.0,8.36,9.0,677.56,0.03,21.0,0.11,37.64,75.28,0.5,1.0,2.0,5.0,0.4,6.0,15.0,3.0,9.0,5.0,0.0,3.0,1
7.0,25.0,2.0,0.0,18.0,44.0,13.0,0.27,20.0,2.2,3.0,0.23,55.0,6.0,0.42,48.0,1.0,8.0,0.62,39.18,58.48,133998.62,0.76,400.0,0.02,7444.37,2291.17,0.46,12.0,22.0,44.0,0.17,193.0,207.0,33.0,20.0,75.0,27.27,48.0,1
8.0,27.0,1.0,0.0,20.0,52.0,14.0,0.36,26.0,2.0,4.0,0.29,68.0,1.0,0.0,39.0,5.0,11.0,0.79,32.18,40.48,52735.32,0.43,254.0,0.02,2929.74,1302.84,0.07,13.0,26.0,56.0,0.2,137.0,117.0,22.0,13.0,69.0,33.9,39.0,1
1.0,5.0,1.0,0.0,0.0,8.0,3.0,0.25,4.0,2.0,1.0,0.33,11.0,1.0,0.0,12.0,3.0,3.0,1.0,15.48,36.25,20339.03,0.19,118.0,0.03,1129.95,561.08,0.33,2.0,4.0,10.0,0.2,58.0,60.0,12.0,15.0,15.0,0.0,12.0,1
1.0,5.0,1.0,0.0,0.0,8.0,3.0,0.27,4.0,2.0,1.0,0.33,11.0,1.0,0.0,11.0,2.0,3.0,1.0,15.38,17.82,4881.96,0.09,59.0,0.06,271.22,273.99,0.33,2.0,4.0,10.0,0.21,28.0,31.0,11.0,14.0,14.0,0.0,11.0,1
24.0,12.0,0.0,2.0,28.0,16.0,7.0,0.15,8.0,2.0,1.0,0.14,19.0,1.0,0.0,46.0,0.0,5.0,0.71,28.27,37.3,39335.04,0.35,192.0,0.03,2185.28,1054.44,0.14,4.0,8.0,14.0,0.06,78.0,114.0,23.0,22.0,116.0,39.47,48.0,0
23.0,9.0,2.0,0.0,11.0,16.0,5.0,0.16,8.0,2.0,3.0,0.6,18.0,3.0,0.5,31.0,0.0,4.0,0.8,33.42,21.5,15450.32,0.24,139.0,0.05,858.35,718.62,0.6,4.0,8.0,15.0,0.06,43.0,96.0,18.0,18.0,85.0,26.19,31.0,1
5.0,5.0,1.0,0.0,6.0,8.0,3.0,0.25,4.0,2.0,2.0,0.67,11.0,3.0,1.0,12.0,1.0,3.0,1.0,28.47,8.75,2179.83,0.08,53.0,0.11,121.1,249.12,1.0,2.0,4.0,10.0,0.09,15.0,38.0,12.0,14.0,32.0,33.33,12.0,1
19.0,19.0,4.0,1.0,12.0,36.0,10.0,0.2,18.0,2.0,7.0,0.7,45.0,7.0,0.67,48.0,0.0,9.0,0.9,30.16,26.1,20545.64,0.26,150.0,0.04,1141.42,787.19,0.7,9.0,18.0,37.0,0.12,58.0,92.0,20.0,18.0,82.0,21.31,49.0,1
6.0,7.0,0.0,0.0,6.0,12.0,4.0,0.27,6.0,2.0,1.0,0.25,14.0,4.0,1.0,15.0,2.0,4.0,1.0,24.1,11.69,3294.46,0.09,58.0,0.09,183.03,281.76,1.0,3.0,6.0,12.0,0.14,19.0,39.0,13.0,16.0,29.0,28.57,15.0,1
67.0,59.0,3.0,3.0,85.0,104.0,30.0,0.24,46.0,2.26,8.0,0.27,112.0,23.0,0.76,121.0,0.0,29.0,0.97,37.4,107.21,429807.51,1.34,676.0,0.01,23878.2,4009.18,0.77,29.0,52.0,84.0,0.11,270.0,406.0,34.0,27.0,278.0,42.11,124.0,1
0.0,5.0,0.0,0.0,0.0,8.0,3.0,0.75,4.0,2.0,1.0,0.33,9.0,1.0,0.0,4.0,1.0,3.0,1.0,8.14,8.17,542.58,0.02,20.0,0.12,30.14,66.44,0.33,2.0,4.0,8.0,0.5,7.0,13.0,3.0,7.0,6.0,0.0,4.0,0
1.0,5.0,1.0,0.0,0.0,8.0,3.0,0.5,4.0,2.0,1.0,0.33,10.0,1.0,0.0,6.0,1.0,1.0,0.33,10.29,11.92,1461.27,0.04,30.0,0.08,81.18,122.62,0.33,2.0,4.0,9.0,0.33,13.0,17.0,6.0,11.0,9.0,0.0,6.0,0
6.0,7.0,7.0,2.0,6.0,12.0,4.0,0.07,6.0,2.0,4.0,1.0,31.0,1.0,0.0,55.0,2.0,4.0,1.0,59.86,19.78,23415.51,0.39,224.0,0.05,1300.86,1183.93,0.25,3.0,6.0,29.0,0.06,89.0,135.0,27.0,12.0,71.0,12.7,57.0,0
2.0,7.0,0.0,2.0,0.0,12.0,4.0,0.18,6.0,2.0,1.0,0.25,14.0,1.0,0.0,20.0,0.0,2.0,0.5,17.76,19.62,6833.79,0.12,71.0,0.05,379.65,348.39,0.25,3.0,6.0,12.0,0.15,30.0,41.0,13.0,17.0,26.0,9.09,22.0,0
1.0,3.0,0.0,0.0,0.0,4.0,2.0,0.22,2.0,2.0,1.0,0.5,6.0,1.0,0.0,9.0,2.0,2.0,1.0,10.82,9.75,1028.49,0.04,27.0,0.1,57.14,105.49,0.5,1.0,2.0,6.0,0.17,13.0,14.0,6.0,9.0,12.0,0.0,9.0,1
1.0,3.0,0.0,0.0,0.0,4.0,2.0,0.22,2.0,2.0,1.0,0.5,6.0,1.0,0.0,9.0,2.0,2.0,1.0,12.01,14.62,2569.51,0.06,40.0,0.07,142.75,175.69,0.5,1.0,2.0,6.0,0.17,18.0,22.0,8.0,13.0,12.0,0.0,9.0,1
4.0,5.0,1.0,0.0,2.0,6.0,3.0,0.17,2.0,3.0,2.0,0.67,10.0,3.0,1.0,18.0,1.0,3.0,1.0,19.51,15.71,4814.52,0.1,66.0,0.06,267.47,306.49,1.0,2.0,3.0,9.0,0.12,29.0,37.0,12.0,13.0,26.0,10.0,18.0,0
9.0,23.0,2.0,5.0,9.0,38.0,12.0,0.26,16.0,2.38,4.0,0.33,42.0,8.0,0.64,41.0,3.0,5.0,0.42,42.25,28.27,33760.15,0.4,215.0,0.04,1875.56,1194.24,0.67,11.0,19.0,32.0,0.18,70.0,145.0,26.0,21.0,68.0,25.45,46.0,1
1.0,3.0,0.0,0.0,2.0,4.0,2.0,0.29,2.0,2.0,1.0,0.5,6.0,1.0,0.0,7.0,2.0,2.0,1.0,10.42,8.25,709.1,0.03,22.0,0.12,39.39,85.95,0.5,1.0,2.0,6.0,0.17,11.0,11.0,6.0,9.0,12.0,22.22,7.0,0
1.0,3.0,1.0,1.0,0.0,4.0,2.0,0.15,2.0,2.0,1.0,0.5,7.0,1.0,0.0,12.0,0.0,2.0,1.0,15.45,7.14,788.3,0.04,27.0,0.14,43.79,110.36,0.5,1.0,2.0,7.0,0.13,10.0,17.0,7.0,10.0,16.0,7.69,13.0,0
3.0,5.0,0.0,2.0,7.0,8.0,3.0,0.1,4.0,2.0,1.0,0.33,10.0,1.0,0.0,28.0,2.0,3.0,1.0,21.41,27.56,16265.89,0.2,116.0,0.04,903.66,590.15,0.33,2.0,4.0,9.0,0.07,49.0,67.0,16.0,18.0,42.0,24.32,30.0,0
1.0,3.0,0.0,0.0,1.0,4.0,2.0,0.67,2.0,2.0,1.0,0.5,6.0,1.0,0.0,3.0,3.0,2.0,1.0,10.89,5.4,317.58,0.02,17.0,0.19,17.64,58.81,0.5,1.0,2.0,6.0,0.29,9.0,8.0,5.0,6.0,7.0,25.0,3.0,0
6.0,15.0,0.0,0.0,7.0,28.0,8.0,0.33,14.0,2.0,1.0,0.13,31.0,3.0,0.29,24.0,1.0,8.0,1.0,20.68,26.5,14523.02,0.18,114.0,0.04,806.83,548.04,0.38,7.0,14.0,25.0,0.21,53.0,61.0,14.0,14.0,39.0,22.58,24.0,0
3.0,3.0,0.0,0.0,4.0,4.0,2.0,0.33,2.0,2.0,1.0,0.5,5.0,1.0,0.0,6.0,0.0,2.0,1.0,13.71,9.43,1218.81,0.04,31.0,0.11,67.71,129.27,0.5,1.0,2.0,5.0,0.13,12.0,19.0,7.0,11.0,15.0,40.0,6.0,0
3.0,9.0,0.0,0.0,2.0,16.0,5.0,0.5,8.0,2.0,1.0,0.2,21.0,1.0,0.0,10.0,3.0,4.0,0.8,19.92,14.32,4084.22,0.1,66.0,0.07,226.9,285.25,0.2,4.0,8.0,18.0,0.29,35.0,31.0,11.0,9.0,17.0,16.67,10.0,1
10.0,13.0,1.0,1.0,11.0,22.0,7.0,0.23,10.0,2.2,3.0,0.43,26.0,1.0,0.0,30.0,0.0,7.0,1.0,25.16,22.0,12176.57,0.18,104.0,0.05,676.48,553.48,0.14,6.0,11.0,21.0,0.13,44.0,60.0,20.0,20.0,54.0,28.57,31.0,0
5.0,25.0,2.0,0.0,24.0,42.0,13.0,0.22,18.0,2.33,5.0,0.38,52.0,8.0,0.58,60.0,2.0,13.0,1.0,18.77,90.0,152013.39,0.56,332.0,0.01,8445.19,1689.04,0.62,12.0,21.0,41.0,0.14,160.0,172.0,16.0,18.0,91.0,28.57,60.0,1
0.0,5.0,0.0,0.0,0.0,8.0,3.0,0.5,4.0,2.0,1.0,0.33,11.0,1.0,0.0,6.0,2.0,3.0,1.0,12.29,9.33,1070.66,0.04,31.0,0.11,59.48,114.71,0.33,2.0,4.0,10.0,0.38,16.0,15.0,6.0,7.0,8.0,0.0,6.0,0
1.0,3.0,0.0,0.0,1.0,4.0,2.0,0.67,2.0,2.0,1.0,0.5,6.0,1.0,0.0,3.0,2.0,2.0,1.0,8.3,6.0,298.97,0.02,15.0,0.17,16.61,49.83,0.5,1.0,2.0,6.0,0.29,8.0,7.0,4.0,6.0,7.0,25.0,3.0,0
7.0,15.0,0.0,0.0,8.0,26.0,8.0,0.26,12.0,2.17,1.0,0.13,26.0,4.0,0.43,31.0,0.0,8.0,1.0,23.89,26.39,16634.07,0.21,121.0,0.04,924.12,630.34,0.5,7.0,13.0,20.0,0.17,50.0,71.0,18.0,19.0,48.0,20.51,31.0,0
6.0,13.0,4.0,4.0,4.0,24.0,7.0,0.15,12.0,2.0,3.0,0.43,37.0,1.0,0.0,43.0,1.0,1.0,0.14,43.96,48.0,101286.83,0.7,372.0,0.02,5627.05,2110.14,0.14,6.0,12.0,32.0,0.12,176.0,196.0,33.0,18.0,59.0,15.69,47.0,0
0.0,3.0,0.0,0.0,0.0,4.0,2.0,1.0,2.0,2.0,1.0,0.5,5.0,1.0,0.0,2.0,0.0,0.0,0.0,5.33,1.5,12.0,0.0,4.0,0.67,0.67,8.0,0.5,1.0,2.0,5.0,0.5,1.0,3.0,1.0,3.0,4.0,0.0,2.0,0
17.0,7.0,2.0,16.0,32.0,12.0,4.0,0.05,6.0,2.0,1.0,0.25,27.0,1.0,0.0,68.0,0.0,4.0,1.0,73.69,37.76,105042.17,0.93,471.0,0.03,5835.68,2782.15,0.25,3.0,6.0,25.0,0.03,191.0,280.0,43.0,17.0,135.0,41.38,84.0,0
29.0,69.0,0.0,0.0,37.0,112.0,35.0,0.21,44.0,2.55,1.0,0.03,113.0,26.0,0.74,163.0,0.0,25.0,0.71,50.5,87.12,383277.96,1.47,751.0,0.01,21293.22,4399.34,0.74,34.0,56.0,80.0,0.15,307.0,444.0,37.0,21.0,231.0,18.5,163.0,0
3.0,9.0,0.0,0.0,4.0,14.0,5.0,0.28,6.0,2.33,1.0,0.2,16.0,1.0,0.0,18.0,0.0,5.0,1.0,17.99,13.0,3039.83,0.08,51.0,0.08,168.88,233.83,0.2,4.0,7.0,13.0,0.19,22.0,29.0,11.0,13.0,27.0,18.18,18.0,0
16.0,19.0,0.0,0.0,22.0,30.0,10.0,0.2,12.0,2.5,1.0,0.1,31.0,7.0,0.67,50.0,0.0,7.0,0.7,21.17,41.36,36223.29,0.29,191.0,0.02,2012.4,875.73,0.7,9.0,15.0,23.0,0.11,70.0,121.0,11.0,13.0,90.0,30.56,50.0,0
1.0,5.0,1.0,0.0,0.0,8.0,3.0,0.3,4.0,2.0,2.0,0.67,12.0,1.0,0.0,10.0,0.0,3.0,1.0,16.87,13.59,3115.69,0.08,50.0,0.07,173.09,229.25,0.33,2.0,4.0,11.0,0.23,23.0,27.0,11.0,13.0,13.0,0.0,10.0,0
13.0,13.0,4.0,2.0,13.0,24.0,7.0,0.17,12.0,2.0,2.0,0.29,29.0,4.0,0.5,39.0,0.0,0.0,0.0,42.89,24.48,25705.69,0.35,187.0,0.04,1428.09,1049.95,0.57,6.0,12.0,24.0,0.1,71.0,116.0,29.0,20.0,69.0,27.78,41.0,0
2.0,3.0,3.0,0.0,2.0,4.0,2.0,0.25,2.0,2.0,2.0,1.0,8.0,1.0,0.0,8.0,0.0,0.0,0.0,22.19,2.0,88.76,0.01,14.0,0.5,4.93,44.38,0.5,1.0,2.0,8.0,0.14,5.0,9.0,5.0,4.0,14.0,20.0,8.0,0
10.0,13.0,2.0,0.0,11.0,24.0,7.0,0.29,12.0,2.0,1.0,0.14,26.0,5.0,0.67,24.0,0.0,0.0,0.0,32.5,17.19,9606.08,0.19,105.0,0.06,533.67,558.8,0.71,6.0,12.0,21.0,0.15,38.0,67.0,21.0,19.0,47.0,31.43,24.0,1
10.0,9.0,3.0,0.0,11.0,16.0,5.0,0.26,8.0,2.0,2.0,0.4,20.0,3.0,0.5,19.0,0.0,0.0,0.0,28.47,15.06,6456.82,0.14,85.0,0.07,358.71,428.77,0.6,4.0,8.0,17.0,0.12,32.0,53.0,17.0,16.0,42.0,36.67,19.0,0
11.0,9.0,3.0,0.0,12.0,16.0,5.0,0.17,8.0,2.0,2.0,0.4,20.0,3.0,0.5,29.0,0.0,0.0,0.0,33.09,17.76,10439.17,0.2,109.0,0.06,579.95,587.76,0.6,4.0,8.0,17.0,0.09,43.0,66.0,23.0,19.0,54.0,29.27,29.0,0
12.0,11.0,3.0,0.0,15.0,20.0,6.0,0.26,10.0,2.0,2.0,0.33,25.0,3.0,0.4,23.0,0.0,3.0,0.5,31.56,17.2,9336.88,0.18,105.0,0.06,518.72,542.84,0.5,5.0,10.0,21.0,0.12,43.0,62.0,20.0,16.0,52.0,39.47,23.0,0
4.0,9.0,0.0,0.0,4.0,16.0,5.0,0.19,8.0,2.0,1.0,0.2,15.0,1.0,0.0,26.0,1.0,5.0,1.0,17.62,26.67,12532.75,0.16,107.0,0.04,696.26,469.98,0.2,4.0,8.0,12.0,0.14,40.0,67.0,9.0,12.0,36.0,13.33,26.0,0
5.0,15.0,0.0,0.0,5.0,26.0,8.0,0.2,12.0,2.17,1.0,0.13,25.0,5.0,0.57,41.0,1.0,8.0,1.0,15.49,65.83,67150.0,0.34,204.0,0.02,3730.56,1020.0,0.63,7.0,13.0,19.0,0.15,79.0,125.0,12.0,20.0,53.0,10.87,41.0,0
7.0,3.0,4.0,1.0,6.0,4.0,2.0,0.09,2.0,2.0,2.0,1.0,10.0,1.0,0.0,22.0,0.0,2.0,1.0,44.5,21.58,20724.8,0.32,183.0,0.05,1151.38,960.37,0.5,1.0,2.0,10.0,0.05,83.0,100.0,25.0,13.0,38.0,24.14,23.0,0
2.0,7.0,0.0,7.0,0.0,12.0,4.0,0.1,6.0,2.0,1.0,0.25,15.0,1.0,0.0,35.0,0.0,3.0,0.75,68.55,21.0,30230.73,0.48,249.0,0.05,1679.48,1439.56,0.25,3.0,6.0,13.0,0.09,123.0,126.0,41.0,14.0,46.0,16.67,42.0,0
71.0,19.0,9.0,19.0,63.0,34.0,10.0,0.1,16.0,2.13,6.0,0.6,42.0,3.0,0.22,78.0,0.0,9.0,0.9,66.83,32.56,70837.72,0.73,364.0,0.03,3935.43,2175.73,0.3,9.0,17.0,34.0,0.04,140.0,224.0,43.0,20.0,233.0,51.25,97.0,1
62.0,9.0,6.0,19.0,50.0,16.0,5.0,0.08,8.0,2.0,2.0,0.4,24.0,1.0,0.0,42.0,0.0,2.0,0.4,46.62,31.57,46467.35,0.49,268.0,0.03,2581.52,1471.82,0.2,4.0,8.0,21.0,0.03,104.0,164.0,28.0,17.0,175.0,62.16,61.0,1
105.0,125.0,16.0,19.0,123.0,202.0,63.0,0.26,78.0,2.59,9.0,0.14,223.0,36.0,0.56,225.0,0.0,61.0,0.97,88.2,93.2,766179.74,2.74,1217.0,0.01,42565.54,8220.7,0.57,62.0,101.0,162.0,0.13,463.0,754.0,77.0,31.0,474.0,38.69,244.0,1
7.0,15.0,2.0,0.0,9.0,26.0,8.0,0.27,12.0,2.17,3.0,0.38,32.0,1.0,0.0,30.0,1.0,5.0,0.63,25.01,30.0,22511.76,0.25,141.0,0.03,1250.65,750.39,0.13,7.0,13.0,26.0,0.17,60.0,81.0,20.0,20.0,48.0,23.08,30.0,1
10.0,13.0,5.0,6.0,10.0,22.0,7.0,0.12,10.0,2.2,1.0,0.14,48.0,5.0,0.67,51.0,0.0,5.0,0.71,92.21,26.26,63590.46,0.81,373.0,0.04,3532.8,2421.46,0.71,6.0,11.0,43.0,0.09,153.0,220.0,67.0,23.0,79.0,23.88,57.0,1
14.0,13.0,3.0,3.0,17.0,24.0,7.0,0.1,12.0,2.0,5.0,0.71,30.0,1.0,0.0,66.0,0.0,7.0,1.0,49.82,40.86,83172.01,0.68,349.0,0.02,4620.67,2035.68,0.14,6.0,12.0,25.0,0.07,130.0,219.0,35.0,22.0,102.0,23.26,69.0,0
17.0,27.0,3.0,3.0,18.0,44.0,14.0,0.17,18.0,2.44,6.0,0.43,51.0,9.0,0.62,79.0,0.0,14.0,1.0,57.29,46.22,122395.16,0.88,435.0,0.02,6799.73,2648.05,0.64,13.0,22.0,39.0,0.12,159.0,276.0,43.0,25.0,119.0,21.0,82.0,0
9.0,3.0,2.0,0.0,6.0,4.0,2.0,0.07,2.0,2.0,1.0,0.5,9.0,1.0,0.0,30.0,4.0,1.0,0.5,57.3,10.61,6447.25,0.2,115.0,0.09,358.18,607.82,0.5,1.0,2.0,9.0,0.04,54.0,61.0,28.0,11.0,47.0,16.67,30.0,1
60.0,115.0,9.0,19.0,98.0,216.0,58.0,0.19,102.0,2.12,16.0,0.28,247.0,39.0,0.67,287.0,0.0,46.0,0.79,107.39,96.09,991629.56,3.44,1479.0,0.01,55090.53,10319.4,0.67,57.0,108.0,191.0,0.12,615.0,864.0,96.0,30.0,466.0,28.96,306.0,1
50.0,89.0,8.0,12.0,75.0,156.0,45.0,0.21,68.0,2.29,15.0,0.33,181.0,30.0,0.66,205.0,0.0,43.0,0.96,106.02,67.9,488861.64,2.4,1037.0,0.01,27158.98,7199.39,0.67,44.0,78.0,138.0,0.13,421.0,616.0,93.0,30.0,344.0,29.79,217.0,1
9.0,17.0,1.0,0.0,10.0,32.0,9.0,0.21,16.0,2.0,2.0,0.22,38.0,6.0,0.63,42.0,0.0,9.0,1.0,11.27,102.9,119290.11,0.39,234.0,0.01,6627.23,1159.28,0.67,8.0,16.0,31.0,0.14,98.0,136.0,10.0,21.0,63.0,19.23,42.0,1
15.0,21.0,5.0,0.0,16.0,40.0,11.0,0.15,20.0,2.0,9.0,0.82,50.0,4.0,0.3,74.0,0.0,9.0,0.82,52.32,34.5,62277.28,0.6,302.0,0.03,3459.85,1805.14,0.36,10.0,20.0,41.0,0.1,120.0,182.0,40.0,23.0,107.0,17.78,74.0,0
8.0,3.0,1.0,5.0,8.0,4.0,2.0,0.04,2.0,2.0,1.0,0.5,21.0,1.0,0.0,43.0,0.0,2.0,1.0,69.69,27.79,53839.29,0.65,345.0,0.04,2991.07,1937.07,0.5,1.0,2.0,21.0,0.03,126.0,219.0,34.0,15.0,66.0,23.21,48.0,0
45.0,61.0,3.0,2.0,68.0,106.0,31.0,0.19,46.0,2.3,3.0,0.1,127.0,20.0,0.63,160.0,0.0,28.0,0.9,61.68,64.5,256623.54,1.33,633.0,0.02,14256.86,3978.66,0.65,30.0,53.0,98.0,0.11,258.0,375.0,52.0,26.0,277.0,30.43,162.0,1
5.0,5.0,1.0,0.0,5.0,8.0,3.0,0.17,4.0,2.0,1.0,0.33,12.0,1.0,0.0,18.0,0.0,3.0,1.0,28.04,18.38,9467.23,0.17,105.0,0.05,525.96,515.22,0.33,2.0,4.0,11.0,0.1,42.0,63.0,16.0,14.0,30.0,21.74,18.0,0
24.0,19.0,3.0,0.0,27.0,34.0,10.0,0.1,16.0,2.13,3.0,0.3,49.0,1.0,0.0,104.0,0.0,8.0,0.8,45.63,55.2,139045.04,0.84,430.0,0.02,7724.72,2518.93,0.1,9.0,17.0,41.0,0.06,168.0,262.0,35.0,23.0,157.0,20.61,104.0,1
35.0,97.0,3.0,0.0,51.0,168.0,49.0,0.18,72.0,2.33,8.0,0.16,210.0,34.0,0.69,265.0,0.0,42.0,0.86,54.71,125.67,864010.77,2.29,1118.0,0.01,48000.6,6875.42,0.69,48.0,86.0,163.0,0.14,435.0,683.0,45.0,26.0,353.0,16.14,265.0,1
6.0,3.0,1.0,0.0,7.0,4.0,2.0,0.15,2.0,2.0,1.0,0.5,8.0,1.0,0.0,13.0,1.0,2.0,1.0,16.23,21.09,7220.51,0.11,72.0,0.05,401.14,342.35,0.5,1.0,2.0,8.0,0.07,29.0,43.0,11.0,16.0,28.0,35.0,13.0,1
47.0,41.0,18.0,9.0,68.0,54.0,24.0,0.22,22.0,2.45,14.0,0.58,94.0,8.0,0.3,100.0,0.0,21.0,0.88,75.13,27.46,56640.44,0.69,321.0,0.04,3146.69,2062.83,0.33,16.0,27.0,72.0,0.1,120.0,201.0,59.0,27.0,242.0,43.5,109.0,0
0.0,3.0,0.0,0.0,0.0,4.0,2.0,0.15,2.0,2.0,1.0,0.5,6.0,1.0,0.0,13.0,2.0,2.0,1.0,19.72,10.5,2174.18,0.07,53.0,0.1,120.79,207.07,0.5,1.0,2.0,6.0,0.13,24.0,29.0,8.0,7.0,15.0,0.0,13.0,0
5.0,5.0,0.0,0.0,28.0,8.0,3.0,0.25,4.0,2.0,1.0,0.33,9.0,1.0,0.0,12.0,0.0,0.0,0.0,37.29,9.0,3020.28,0.11,79.0,0.11,167.79,335.59,0.33,2.0,4.0,8.0,0.06,20.0,59.0,10.0,9.0,47.0,70.0,12.0,0
2.0,3.0,0.0,0.0,0.0,4.0,2.0,0.25,2.0,2.0,1.0,0.5,7.0,1.0,0.0,8.0,0.0,2.0,1.0,17.27,7.29,916.65,0.04,34.0,0.14,50.93,125.81,0.5,1.0,2.0,7.0,0.17,17.0,17.0,7.0,6.0,12.0,0.0,8.0,0
11.0,15.0,3.0,8.0,21.0,28.0,8.0,0.14,14.0,2.0,5.0,0.63,41.0,1.0,0.0,49.0,1.0,2.0,0.25,29.04,65.22,123506.5,0.63,349.0,0.02,6861.47,1893.77,0.13,7.0,14.0,35.0,0.09,150.0,199.0,23.0,20.0,91.0,37.18,57.0,1
24.0,24.0,0.0,3.0,17.0,12.0,20.0,0.21,6.0,2.0,1.0,0.05,49.0,1.0,0.0,91.0,1.0,20.0,1.0,65.56,23.68,36775.64,0.52,241.0,0.04,2043.09,1552.75,0.05,3.0,6.0,31.0,0.15,90.0,151.0,57.0,30.0,137.0,18.02,94.0,0
1.0,9.0,0.0,0.0,0.0,16.0,5.0,0.22,8.0,2.0,1.0,0.2,21.0,1.0,0.0,23.0,2.0,5.0,1.0,37.04,20.74,15931.15,0.26,151.0,0.05,885.06,768.21,0.2,4.0,8.0,18.0,0.19,67.0,84.0,21.0,13.0,26.0,0.0,23.0,0
9.0,13.0,2.0,0.0,14.0,28.0,7.0,0.23,14.0,2.0,3.0,0.43,28.0,1.0,0.0,30.0,0.0,7.0,1.0,29.37,18.17,9701.95,0.18,99.0,0.06,539.0,533.84,0.14,7.0,14.0,23.0,0.13,44.0,55.0,23.0,19.0,55.0,31.82,30.0,0
4.0,7.0,2.0,3.0,3.0,12.0,4.0,0.22,6.0,2.0,3.0,0.75,16.0,1.0,0.0,15.0,0.0,1.0,0.25,23.96,10.38,2583.65,0.08,55.0,0.1,143.54,248.8,0.25,3.0,6.0,14.0,0.15,27.0,28.0,13.0,10.0,27.0,28.57,18.0,0
12.0,7.0,0.0,0.0,16.0,12.0,4.0,0.1,6.0,2.0,1.0,0.25,16.0,1.0,0.0,39.0,2.0,4.0,1.0,18.17,33.73,20674.45,0.2,132.0,0.03,1148.58,612.99,0.25,3.0,6.0,14.0,0.06,53.0,79.0,11.0,14.0,69.0,29.09,39.0,0
14.0,5.0,9.0,4.0,16.0,8.0,3.0,0.09,4.0,2.0,1.0,0.33,23.0,1.0,0.0,31.0,0.0,3.0,1.0,97.33,7.63,5668.74,0.25,133.0,0.13,314.93,742.8,0.33,2.0,4.0,22.0,0.04,58.0,75.0,38.0,10.0,67.0,39.22,35.0,0
8.0,23.0,3.0,0.0,14.0,36.0,12.0,0.38,14.0,2.57,5.0,0.42,40.0,6.0,0.45,32.0,0.0,10.0,0.83,39.63,24.05,22915.89,0.32,168.0,0.04,1273.1,952.97,0.5,11.0,18.0,30.0,0.21,81.0,87.0,32.0,19.0,56.0,30.43,32.0,1
0.0,3.0,1.0,0.0,0.0,4.0,2.0,0.4,2.0,2.0,2.0,1.0,6.0,1.0,0.0,5.0,1.0,1.0,0.5,12.25,4.8,282.29,0.02,17.0,0.21,15.68,58.81,0.5,1.0,2.0,6.0,0.29,8.0,9.0,5.0,6.0,7.0,0.0,5.0,0
6.0,20.0,1.0,1.0,4.0,18.0,13.0,0.41,6.0,3.0,7.0,0.54,31.0,7.0,0.5,31.0,0.0,8.0,0.62,28.29,19.0,10212.78,0.18,101.0,0.05,567.38,537.51,0.54,6.0,9.0,20.0,0.3,38.0,63.0,20.0,20.0,44.0,13.89,32.0,1
13.0,58.0,8.0,15.0,12.0,80.0,32.0,0.24,30.0,2.67,21.0,0.66,105.0,20.0,0.61,120.0,0.0,27.0,0.84,49.52,51.79,132801.57,0.85,408.0,0.02,7377.86,2564.44,0.63,25.0,40.0,75.0,0.2,175.0,233.0,49.0,29.0,162.0,18.37,135.0,1
8.0,7.0,1.0,0.0,6.0,12.0,4.0,0.21,6.0,2.0,2.0,0.5,16.0,1.0,0.0,19.0,0.0,4.0,1.0,33.72,13.7,6324.89,0.15,88.0,0.07,351.38,461.82,0.25,3.0,6.0,14.0,0.11,42.0,46.0,23.0,15.0,35.0,24.0,19.0,0
5.0,3.0,0.0,0.0,3.0,4.0,2.0,0.29,2.0,2.0,1.0,0.5,6.0,1.0,0.0,7.0,0.0,2.0,1.0,25.78,4.5,522.0,0.04,29.0,0.22,29.0,116.0,0.5,1.0,2.0,6.0,0.12,15.0,14.0,10.0,6.0,17.0,30.0,7.0,0
5.0,3.0,0.0,0.0,3.0,4.0,2.0,0.29,2.0,2.0,1.0,0.5,6.0,1.0,0.0,7.0,0.0,2.0,1.0,26.67,4.5,540.0,0.04,30.0,0.22,30.0,120.0,0.5,1.0,2.0,6.0,0.12,15.0,15.0,10.0,6.0,17.0,30.0,7.0,0
5.0,3.0,0.0,0.0,3.0,4.0,2.0,0.29,2.0,2.0,1.0,0.5,6.0,1.0,0.0,7.0,0.0,2.0,1.0,26.67,4.2,470.4,0.04,28.0,0.24,26.13,112.0,0.5,1.0,2.0,6.0,0.12,14.0,14.0,10.0,6.0,17.0,30.0,7.0,0
30.0,69.0,17.0,4.0,52.0,118.0,35.0,0.27,54.0,2.19,18.0,0.51,152.0,17.0,0.47,125.0,0.0,25.0,0.71,84.68,27.62,64595.11,0.78,363.0,0.04,3588.62,2338.79,0.49,32.0,59.0,119.0,0.16,145.0,218.0,63.0,24.0,213.0,30.94,129.0,0
6.0,9.0,2.0,6.0,4.0,4.0,7.0,0.11,2.0,2.0,4.0,0.57,22.0,1.0,0.0,57.0,1.0,7.0,1.0,51.55,33.0,56139.09,0.57,288.0,0.03,3118.84,1701.18,0.14,1.0,2.0,17.0,0.09,132.0,156.0,40.0,20.0,75.0,14.93,63.0,0
8.0,11.0,2.0,0.0,6.0,20.0,6.0,0.32,10.0,2.0,2.0,0.33,31.0,1.0,0.0,19.0,1.0,6.0,1.0,34.67,15.0,7800.0,0.17,104.0,0.07,433.33,520.0,0.17,5.0,10.0,27.0,0.17,50.0,54.0,20.0,12.0,35.0,24.0,19.0,1
16.0,13.0,3.0,11.0,18.0,24.0,7.0,0.11,12.0,2.0,2.0,0.29,35.0,1.0,0.0,53.0,0.0,5.0,0.71,104.87,24.88,64889.48,0.87,407.0,0.04,3604.97,2608.62,0.14,6.0,12.0,30.0,0.07,199.0,208.0,68.0,17.0,100.0,35.37,64.0,0
24.0,51.0,3.0,11.0,21.0,82.0,26.0,0.28,32.0,2.56,2.0,0.08,91.0,13.0,0.48,82.0,0.0,8.0,0.31,93.16,39.49,145307.86,1.23,555.0,0.03,8072.66,3679.29,0.5,25.0,41.0,67.0,0.19,261.0,294.0,76.0,23.0,140.0,28.07,93.0,0
1.0,9.0,3.0,0.0,0.0,16.0,5.0,0.19,8.0,2.0,4.0,0.8,22.0,5.0,1.0,27.0,0.0,4.0,0.8,29.15,10.71,3341.46,0.1,63.0,0.09,185.64,312.11,1.0,4.0,8.0,19.0,0.17,26.0,37.0,17.0,14.0,30.0,0.0,27.0,1
14.0,24.0,8.0,0.0,14.0,30.0,15.0,0.25,14.0,2.14,9.0,0.6,49.0,3.0,0.14,59.0,0.0,9.0,0.6,46.74,21.17,20950.15,0.33,162.0,0.05,1163.9,989.58,0.2,8.0,15.0,36.0,0.17,62.0,100.0,41.0,28.0,89.0,19.18,59.0,1
26.0,31.0,7.0,9.0,21.0,60.0,16.0,0.18,30.0,2.0,2.0,0.13,83.0,1.0,0.0,78.0,0.0,7.0,0.44,85.18,35.77,109011.28,1.02,478.0,0.03,6056.18,3047.27,0.06,15.0,30.0,69.0,0.12,241.0,237.0,64.0,19.0,136.0,27.78,87.0,1
19.0,13.0,3.0,11.0,19.0,24.0,7.0,0.1,12.0,2.0,2.0,0.29,35.0,1.0,0.0,57.0,0.0,5.0,0.71,113.84,25.03,71345.69,0.95,439.0,0.04,3963.65,2849.92,0.14,6.0,12.0,30.0,0.06,215.0,224.0,73.0,17.0,108.0,34.48,68.0,0
5.0,3.0,3.0,7.0,3.0,4.0,2.0,0.08,2.0,2.0,2.0,1.0,10.0,1.0,0.0,18.0,0.0,1.0,0.5,69.2,12.83,11396.12,0.3,159.0,0.08,633.12,888.01,0.5,1.0,2.0,10.0,0.06,77.0,82.0,36.0,12.0,35.0,35.71,25.0,0
23.0,15.0,3.0,10.0,27.0,28.0,8.0,0.09,14.0,2.0,2.0,0.25,39.0,1.0,0.0,75.0,0.0,5.0,0.63,136.41,27.35,102014.82,1.24,542.0,0.04,5667.49,3730.39,0.13,7.0,14.0,33.0,0.06,268.0,274.0,98.0,20.0,137.0,33.04,85.0,0
